{
  "run_name": "punct",
  "data_path": "gender_cleaned_punct.csv",
  "accuracy": 0.8446965126101122,
  "precision": 0.8491139240506329,
  "recall": 0.8291718170580964,
  "f1": 0.8390243902439024,
  "specificity": 0.8595002357378595,
  "false_positive_rate": 0.1404997642621405,
  "false_negative_rate": 0.17082818294190358,
  "roc_auc": 0.9137727440411355,
  "tn": 3646,
  "fp": 596,
  "fn": 691,
  "tp": 3354,
  "best_params": {
    "ngram_range": "(1, 2)",
    "min_df": 5,
    "C": 2.0
  }
}